,Origin,Origin Code,Visa Free,Visa Required
0,Afghanistan,AF,51,175
1,Albania,AL,135,91
2,Algeria,DZ,73,153
3,Andorra,AD,182,44
4,Angola,AO,71,155
5,Antigua and Barbuda,AG,166,60
6,Argentina,AR,182,44
7,Armenia,AM,83,143
8,Australia,AU,198,28
9,Austria,AT,199,27
10,Azerbaijan,AZ,84,142
11,Bahamas,BS,168,58
12,Bahrain,BH,102,124
13,Bangladesh,BD,65,161
14,Barbados,BB,177,49
15,Belarus,BY,93,133
16,Belgium,BE,199,27
17,Belize,BZ,118,108
18,Benin,BJ,84,142
19,Bhutan,BT,75,151
20,Bolivia,BO,101,125
21,Bosnia and Herzegovina,BA,138,88
22,Botswana,BW,102,124
23,Brazil,BR,182,44
24,Brunei,BN,175,51
25,Bulgaria,BG,189,37
26,Burkina Faso,BF,82,144
27,Burundi,BI,71,155
28,Cambodia,KH,81,145
29,Cameroon,CM,73,153
30,Canada,CA,196,30
31,Cape Verde Islands,CV,87,139
32,Central African Republic,CF,75,151
33,Chad,TD,75,152
34,Chile,CL,189,37
35,China,CN,100,126
36,Colombia,CO,153,73
37,Comoro Islands,KM,75,151
38,Congo (Dem. Rep.),CD,63,163
39,Congo (Rep.),CG,71,155
40,Costa Rica,CR,166,60
41,Cote d'Ivoire,CI,82,144
42,Croatia,HR,189,37
43,Cuba,CU,81,145
44,Cyprus,CY,190,36
45,Czech Republic,CZ,198,28
46,Denmark,DK,199,27
47,Djibouti,DJ,72,154
48,Dominica,DM,163,63
49,Dominican Republic,DO,92,134
50,Ecuador,EC,112,114
51,Egypt,EG,75,151
52,El Salvador,SV,150,76
53,Equatorial Guinea,GQ,75,151
54,Eritrea,ER,68,158
55,Estonia,EE,196,30
56,Ethiopia,ET,68,158
57,Fiji,FJ,109,117
58,Finland,FI,199,27
59,France,FR,198,28
60,Gabon,GA,80,146
61,Georgia,GE,130,96
62,Germany,DE,199,27
63,Ghana,GH,83,143
64,Greece,GR,198,28
65,Grenada,GD,162,64
66,Guatemala,GT,152,74
67,Guinea,GN,81,145
68,Guinea-Bissau,GW,76,150
69,Guyana,GY,105,121
70,Haiti,HT,72,154
71,Honduras,HN,150,76
72,Hong Kong (SAR China),HK,182,44
73,Hungary,HU,198,28
74,Iceland,IS,194,32
75,India,IN,83,143
76,Indonesia,ID,94,132
77,Iran,IR,64,162
78,Iraq,IQ,51,175
79,Ireland,IE,199,27
80,Israel,IL,171,55
81,Italy,IT,199,27
82,Jamaica,JM,106,120
83,Japan,JP,198,28
84,Jordan,JO,76,150
85,Kazakhstan,KZ,91,135
86,Kenya,KE,94,132
87,Kiribati,KI,143,83
88,Kosovo,XK,63,163
89,Kuwait,KW,111,115
90,Kyrgyzstan,KG,82,144
91,Laos,LA,74,152
92,Latvia,LV,196,30
93,Lebanon,LB,62,164
94,Lesotho,LS,95,131
95,Liberia,LR,73,153
96,Libya,LY,62,164
97,Liechtenstein,LI,192,34
98,Lithuania,LT,196,30
99,Luxembourg,LU,199,27
100,Macao (SAR China),MO,163,63
101,Madagascar,MG,78,148
102,Malawi,MW,92,134
103,Malaysia,MY,189,37
104,Maldives,MV,107,119
105,Mali,ML,76,150
106,Malta,MT,197,29
107,Marshall Islands,MH,143,83
108,Mauritania,MR,80,146
109,Mauritius,MU,165,61
110,Mexico,MX,173,53
111,Micronesia,FM,140,86
112,Moldova,MD,136,90
113,Monaco,MC,190,36
114,Mongolia,MN,86,140
115,Montenegro,ME,144,82
116,Morocco,MA,86,140
117,Mozambique,MZ,83,143
118,Myanmar,MM,73,153
119,Namibia,NA,98,128
120,Nauru,NR,109,117
121,Nepal,NP,67,159
122,Netherlands,NL,198,28
123,New Zealand,NZ,198,28
124,Nicaragua,NI,147,79
125,Niger,NE,78,148
126,Nigeria,NG,68,158
127,North Korea,KP,65,161
128,North Macedonia,MK,143,83
129,Norway,NO,198,28
130,Oman,OM,101,125
131,Pakistan,PK,58,168
132,Palau Islands,PW,143,83
133,Palestinian Territory,PS,62,164
134,Panama,PA,161,65
135,Papua New Guinea,PG,101,125
136,Paraguay,PY,157,69
137,Peru,PE,158,68
138,Philippines,PH,89,137
139,Poland,PL,197,29
140,Portugal,PT,199,27
141,Qatar,QA,118,108
142,Romania,RO,189,37
143,Russian Federation,RU,126,100
144,Rwanda,RW,78,148
145,Samoa,WS,150,76
146,San Marino,SM,182,44
147,Sao Tome and Principe,ST,81,145
148,Saudi Arabia,SA,101,125
149,Senegal,SN,80,146
150,Serbia,RS,152,74
151,Seychelles,SC,167,59
152,Sierra Leone,SL,83,143
153,Singapore,SG,200,26
154,Slovakia,SK,196,30
155,Slovenia,SI,196,30
156,Solomon Islands,SB,149,77
157,Somalia,SO,58,168
158,South Africa,ZA,118,108
159,South Korea,KR,196,30
160,South Sudan,SS,55,171
161,Spain,ES,199,27
162,Sri Lanka,LK,67,159
163,St. Kitts and Nevis,KN,170,56
164,St. Lucia,LC,163,63
165,St. Vincent and the Grenadines,VC,167,59
166,Sudan,SD,62,164
167,Suriname,SR,97,129
168,Sweden,SE,198,28
169,Switzerland,CH,198,28
170,Syria,SY,54,172
171,Taiwan (Chinese Taipei),TW,167,59
172,Tajikistan,TJ,75,151
173,Tanzania,TZ,87,139
174,Thailand,TH,99,127
175,The Gambia,GM,89,137
176,Timor-Leste,TL,122,104
177,Togo,TG,78,148
178,Tonga,TO,147,79
179,Trinidad and Tobago,TT,166,60
180,Tunisia,TN,90,136
181,Turkmenistan,TM,72,154
182,Tuvalu,TV,145,81
183,TÃ¼rkiye,TR,122,104
184,Uganda,UG,85,141
185,Ukraine,UA,157,69
186,United Arab Emirates,AE,191,35
187,United Kingdom,GB,197,29
188,United States,US,197,29
189,Uruguay,UY,172,54
190,Uzbekistan,UZ,78,148
191,Vanuatu,VU,118,108
192,Vatican City,VA,168,58
193,Venezuela,VE,148,78
194,Vietnam,VN,77,149
195,Yemen,YE,57,169
196,Zambia,ZM,86,140
197,Zimbabwe,ZW,85,141
198,eSwatini,SZ,93,133
